ticker,accession_number,filing_date
AAPL,0000320193-21-000010,2021-01-28
AAPL,0000320193-21-000056,2021-04-29
AAPL,0000320193-21-000065,2021-07-28
AAPL,0000320193-21-000105,2021-10-29
AAPL,0000320193-22-000007,2022-01-28
AAPL,0000320193-22-000059,2022-04-29
AAPL,0000320193-22-000070,2022-07-29
AAPL,0000320193-22-000108,2022-10-28
AAPL,0000320193-23-000006,2023-02-03
AAPL,0000320193-23-000064,2023-05-05
AAPL,0000320193-23-000077,2023-08-04
AAPL,0000320193-23-000106,2023-11-03
AAPL,0000320193-24-000006,2024-02-02
AAPL,0000320193-24-000069,2024-05-03
AAPL,0000320193-24-000081,2024-08-02
AAPL,0000320193-24-000123,2024-11-01
AAPL,0000320193-25-000008,2025-01-31
AAPL,0000320193-25-000057,2025-05-02
AAPL,0000320193-25-000073,2025-08-01
AAPL,0000320193-25-000079,2025-10-31
AAPL,0000320193-26-000006,2026-01-30
AAPL,0000320193-26-000013,2026-05-01
ABBV,0001551152-21-000016,2021-05-07
ABBV,0001551152-21-000025,2021-08-02
ABBV,0001551152-21-000031,2021-11-02
ABBV,0001551152-22-000007,2022-02-18
ABBV,0001551152-22-000017,2022-05-06
ABBV,0001551152-22-000030,2022-08-04
ABBV,0001551152-22-000045,2022-11-04
ABBV,0001551152-23-000011,2023-02-17
ABBV,0001551152-23-000023,2023-05-05
ABBV,0001551152-23-000033,2023-08-07
ABBV,0001551152-23-000045,2023-11-06
ABBV,0001551152-24-000011,2024-02-20
ABBV,0001551152-24-000020,2024-05-03
ABBV,0001551152-24-000031,2024-08-07
ABBV,0001551152-24-000040,2024-11-04
ABBV,0001551152-25-000020,2025-02-14
ABBV,0001551152-25-000029,2025-05-09
ABBV,0001551152-25-000040,2025-08-04
ABBV,0001551152-25-000049,2025-11-04
ABBV,0001551152-26-000008,2026-02-20
ABBV,0001551152-26-000017,2026-05-08
ABT,0001104659-21-061693,2021-05-05
ABT,0001104659-21-100055,2021-08-04
ABT,0001104659-21-133629,2021-11-03
ABT,0001104659-22-025141,2022-02-18
ABT,0001104659-22-055285,2022-05-03
ABT,0001628280-22-020209,2022-08-02
ABT,0001628280-22-027550,2022-11-01
ABT,0001628280-23-004026,2023-02-17
ABT,0001628280-23-015699,2023-05-04
ABT,0001628280-23-027203,2023-08-03
ABT,0001628280-23-035957,2023-11-01
ABT,0001628280-24-005348,2024-02-16
ABT,0001628280-24-020011,2024-05-02
ABT,0001628280-24-033740,2024-07-31
ABT,0001628280-24-044602,2024-10-31
ABT,0001628280-25-007110,2025-02-21
ABT,0001628280-25-021090,2025-04-30
ABT,0001628280-25-036720,2025-07-30
ABT,0001628280-25-047131,2025-10-29
ABT,0001628280-26-010185,2026-02-20
ABT,0001628280-26-028357,2026-04-29
ACN,0001467373-20-000431,2020-12-17
ACN,0001467373-21-000106,2021-03-18
ACN,0001467373-21-000161,2021-06-24
ACN,0001467373-21-000229,2021-10-15
ACN,0001467373-21-000297,2021-12-16
ACN,0001467373-22-000144,2022-03-17
ACN,0001467373-22-000201,2022-06-23
ACN,0001467373-22-000295,2022-10-12
ACN,0001467373-22-000370,2022-12-16
ACN,0001467373-23-000124,2023-03-23
ACN,0001467373-23-000221,2023-06-22
ACN,0001467373-23-000324,2023-10-12
ACN,0001467373-23-000403,2023-12-19
ACN,0001467373-24-000108,2024-03-21
ACN,0001467373-24-000196,2024-06-20
ACN,0001467373-24-000278,2024-10-10
ACN,0001467373-24-000352,2024-12-19
ACN,0001467373-25-000100,2025-03-20
ACN,0001467373-25-000169,2025-06-20
ACN,0001467373-25-000217,2025-10-10
ACN,0001467373-25-000222,2025-12-18
ACN,0001467373-26-000014,2026-03-19
ACN,0001467373-26-000032,2026-06-18
AMAT,0000006951-21-000013,2021-02-25
AMAT,0000006951-21-000023,2021-05-27
AMAT,0000006951-21-000034,2021-08-26
AMAT,0000006951-21-000043,2021-12-17
AMAT,0000006951-22-000011,2022-02-24
AMAT,0000006951-22-000022,2022-05-26
AMAT,0000006951-22-000032,2022-08-25
AMAT,0000006951-22-000043,2022-12-16
AMAT,0000006951-23-000012,2023-02-23
AMAT,0000006951-23-000022,2023-05-26
AMAT,0000006951-23-000031,2023-08-24
AMAT,0000006951-23-000041,2023-12-15
AMAT,0000006951-24-000012,2024-02-27
AMAT,0000006951-24-000022,2024-05-23
AMAT,0000006951-24-000032,2024-08-22
AMAT,0000006951-24-000044,2024-12-13
AMAT,0000006951-25-000011,2025-02-20
AMAT,0000006951-25-000024,2025-05-22
AMAT,0000006951-25-000037,2025-08-21
AMAT,0001628280-25-056742,2025-12-12
AMAT,0001628280-26-009694,2026-02-19
AMAT,0001628280-26-037227,2026-05-21
AMD,0000002488-21-000056,2021-04-28
AMD,0000002488-21-000116,2021-07-28
AMD,0000002488-21-000178,2021-10-27
AMD,0000002488-22-000016,2022-02-03
AMD,0000002488-22-000078,2022-05-04
AMD,0000002488-22-000123,2022-08-03
AMD,0000002488-22-000170,2022-11-02
AMD,0000002488-23-000047,2023-02-27
AMD,0000002488-23-000076,2023-05-03
AMD,0000002488-23-000139,2023-08-02
AMD,0000002488-23-000195,2023-11-01
AMD,0000002488-24-000012,2024-01-31
AMD,0000002488-24-000056,2024-05-01
AMD,0000002488-24-000123,2024-07-31
AMD,0000002488-24-000163,2024-10-30
AMD,0000002488-25-000012,2025-02-05
AMD,0000002488-25-000047,2025-05-07
AMD,0000002488-25-000108,2025-08-06
AMD,0000002488-25-000166,2025-11-05
AMD,0000002488-26-000018,2026-02-04
AMD,0000002488-26-000076,2026-05-06
AMGN,0000318154-21-000019,2021-04-28
AMGN,0000318154-21-000034,2021-08-04
AMGN,0000318154-21-000045,2021-11-03
AMGN,0000318154-22-000010,2022-02-16
AMGN,0000318154-22-000021,2022-04-28
AMGN,0000318154-22-000041,2022-08-05
AMGN,0000318154-22-000055,2022-11-04
AMGN,0000318154-23-000017,2023-02-09
AMGN,0000318154-23-000029,2023-04-28
AMGN,0000318154-23-000053,2023-08-04
AMGN,0000318154-23-000064,2023-10-31
AMGN,0000318154-24-000011,2024-02-14
AMGN,0000318154-24-000020,2024-05-03
AMGN,0000318154-24-000035,2024-08-07
AMGN,0000318154-24-000044,2024-10-31
AMGN,0000318154-25-000010,2025-02-14
AMGN,0000318154-25-000020,2025-05-02
AMGN,0000318154-25-000056,2025-08-06
AMGN,0000318154-25-000072,2025-11-05
AMGN,0000318154-26-000010,2026-02-13
AMGN,0000318154-26-000057,2026-05-01
AMZN,0001018724-21-000010,2021-04-30
AMZN,0001018724-21-000020,2021-07-30
AMZN,0001018724-21-000028,2021-10-29
AMZN,0001018724-22-000005,2022-02-04
AMZN,0001018724-22-000013,2022-04-29
AMZN,0001018724-22-000019,2022-07-29
AMZN,0001018724-22-000023,2022-10-28
AMZN,0001018724-23-000004,2023-02-03
AMZN,0001018724-23-000008,2023-04-28
AMZN,0001018724-23-000012,2023-08-04
AMZN,0001018724-23-000018,2023-10-27
AMZN,0001018724-24-000008,2024-02-02
AMZN,0001018724-24-000083,2024-05-01
AMZN,0001018724-24-000130,2024-08-02
AMZN,0001018724-24-000161,2024-11-01
AMZN,0001018724-25-000004,2025-02-07
AMZN,0001018724-25-000036,2025-05-02
AMZN,0001018724-25-000086,2025-08-01
AMZN,0001018724-25-000123,2025-10-31
AMZN,0001018724-26-000004,2026-02-06
AMZN,0001018724-26-000014,2026-04-30
APH,0001104659-25-102142,2025-10-24
APH,0001104659-26-013549,2026-02-11
APH,0001104659-26-054128,2026-05-01
APH,0001558370-21-005338,2021-04-30
APH,0001558370-21-009700,2021-07-30
APH,0001558370-21-013825,2021-10-29
APH,0001558370-22-000961,2022-02-09
APH,0001558370-22-006502,2022-04-29
APH,0001558370-22-011379,2022-07-29
APH,0001558370-22-015585,2022-10-28
APH,0001558370-23-001036,2023-02-08
APH,0001558370-23-007328,2023-04-28
APH,0001558370-23-012484,2023-07-28
APH,0001558370-23-016952,2023-10-27
APH,0001558370-24-000866,2024-02-07
APH,0001558370-24-005928,2024-04-26
APH,0001558370-24-010246,2024-07-26
APH,0001558370-24-013696,2024-10-25
APH,0001558370-25-000714,2025-02-07
APH,0001558370-25-005558,2025-04-25
APH,0001558370-25-009610,2025-07-25
APP,0001193125-21-161989,2021-05-14
APP,0001751008-21-000005,2021-08-13
APP,0001751008-21-000009,2021-11-12
APP,0001751008-22-000005,2022-03-11
APP,0001751008-22-000010,2022-05-13
APP,0001751008-22-000016,2022-08-12
APP,0001751008-22-000020,2022-11-10
APP,0001751008-23-000006,2023-02-28
APP,0001751008-23-000048,2023-05-10
APP,0001751008-23-000062,2023-08-09
APP,0001751008-23-000072,2023-11-08
APP,0001751008-24-000012,2024-02-26
APP,0001751008-24-000043,2024-05-08
APP,0001751008-24-000055,2024-08-07
APP,0001751008-24-000062,2024-11-06
APP,0001751008-25-000018,2025-02-27
APP,0001751008-25-000053,2025-05-07
APP,0001751008-25-000072,2025-08-06
APP,0001751008-25-000081,2025-11-05
APP,0001751008-26-000010,2026-02-19
APP,0001751008-26-000044,2026-05-06
AVGO,0001730168-21-000045,2021-03-12
AVGO,0001730168-21-000116,2021-06-11
AVGO,0001730168-21-000123,2021-09-09
AVGO,0001730168-21-000153,2021-12-17
AVGO,0001730168-22-000029,2022-03-10
AVGO,0001730168-22-000081,2022-06-09
AVGO,0001730168-22-000094,2022-09-08
AVGO,0001730168-22-000118,2022-12-16
AVGO,0001730168-23-000008,2023-03-08
AVGO,0001730168-23-000064,2023-06-07
AVGO,0001730168-23-000077,2023-09-06
AVGO,0001730168-23-000096,2023-12-14
AVGO,0001730168-24-000023,2024-03-14
AVGO,0001730168-24-000080,2024-06-13
AVGO,0001730168-24-000099,2024-09-11
AVGO,0001730168-24-000139,2024-12-20
AVGO,0001730168-25-000021,2025-03-12
AVGO,0001730168-25-000064,2025-06-11
AVGO,0001730168-25-000098,2025-09-10
AVGO,0001730168-25-000121,2025-12-18
AVGO,0001730168-26-000016,2026-03-11
AVGO,0001730168-26-000054,2026-06-09
AXP,0000004962-21-000028,2021-04-23
AXP,0000004962-21-000042,2021-07-23
AXP,0000004962-21-000060,2021-10-22
AXP,0000004962-22-000008,2022-02-11
AXP,0000004962-22-000028,2022-04-22
AXP,0000004962-22-000041,2022-07-22
AXP,0000004962-22-000054,2022-10-21
AXP,0000004962-23-000006,2023-02-10
AXP,0000004962-23-000016,2023-04-21
AXP,0000004962-23-000028,2023-07-25
AXP,0000004962-23-000038,2023-10-20
AXP,0000004962-24-000013,2024-02-09
AXP,0000004962-24-000031,2024-04-19
AXP,0000004962-24-000052,2024-07-19
AXP,0000004962-24-000068,2024-10-18
AXP,0000004962-25-000016,2025-02-07
AXP,0000004962-25-000045,2025-04-18
AXP,0000004962-25-000083,2025-07-18
AXP,0000004962-25-000222,2025-10-17
AXP,0000004962-26-000080,2026-02-06
AXP,0000004962-26-000192,2026-04-23
BA,0000012927-21-000040,2021-04-28
BA,0000012927-21-000073,2021-07-28
BA,0000012927-21-000094,2021-10-27
BA,0000012927-22-000010,2022-01-31
BA,0000012927-22-000022,2022-04-27
BA,0000012927-22-000058,2022-07-27
BA,0000012927-22-000073,2022-10-26
BA,0000012927-23-000007,2023-01-27
BA,0000012927-23-000029,2023-04-26
BA,0000012927-23-000048,2023-07-26
BA,0000012927-23-000062,2023-10-25
BA,0000012927-24-000010,2024-01-31
BA,0000012927-24-000025,2024-04-24
BA,0000012927-24-000055,2024-07-31
BA,0000012927-24-000082,2024-10-23
BA,0000012927-25-000015,2025-02-03
BA,0000012927-25-000031,2025-04-23
BA,0000012927-25-000062,2025-07-29
BA,0001628280-25-047023,2025-10-29
BA,0001628280-26-004357,2026-01-30
BA,0001628280-26-026458,2026-04-22
BAC,0000070858-21-000063,2021-04-29
BAC,0000070858-21-000084,2021-07-30
BAC,0000070858-21-000107,2021-10-29
BAC,0000070858-22-000062,2022-02-22
BAC,0000070858-22-000088,2022-04-29
BAC,0000070858-22-000112,2022-07-29
BAC,0000070858-22-000131,2022-10-28
BAC,0000070858-23-000092,2023-02-22
BAC,0000070858-23-000142,2023-05-01
BAC,0000070858-23-000176,2023-07-31
BAC,0000070858-23-000272,2023-10-31
BAC,0000070858-24-000122,2024-02-20
BAC,0000070858-24-000156,2024-04-30
BAC,0000070858-24-000208,2024-07-30
BAC,0000070858-24-000280,2024-10-29
BAC,0000070858-25-000139,2025-02-25
BAC,0000070858-25-000200,2025-04-30
BAC,0000070858-25-000268,2025-07-31
BAC,0000070858-25-000405,2025-10-31
BAC,0000070858-26-000157,2026-02-25
BAC,0000070858-26-000249,2026-05-01
BKNG,0001075531-21-000030,2021-05-05
BKNG,0001075531-21-000044,2021-08-04
BKNG,0001075531-21-000053,2021-11-03
BKNG,0001075531-22-000008,2022-02-23
BKNG,0001075531-22-000022,2022-05-04
BKNG,0001075531-22-000032,2022-08-03
BKNG,0001075531-22-000043,2022-11-02
BKNG,0001075531-23-000016,2023-02-23
BKNG,0001075531-23-000031,2023-05-04
BKNG,0001075531-23-000047,2023-08-03
BKNG,0001075531-23-000061,2023-11-02
BKNG,0001075531-24-000014,2024-02-22
BKNG,0001075531-24-000027,2024-05-02
BKNG,0001075531-24-000041,2024-08-01
BKNG,0001075531-24-000048,2024-10-30
BKNG,0001075531-25-000010,2025-02-20
BKNG,0001075531-25-000024,2025-04-29
BKNG,0001075531-25-000036,2025-07-29
BKNG,0001075531-25-000051,2025-10-28
BKNG,0001075531-26-000009,2026-02-18
BKNG,0001075531-26-000025,2026-04-28
BLK,0000950170-22-022155,2022-11-04
BLK,0000950170-23-004343,2023-02-24
BLK,0000950170-23-018214,2023-05-05
BLK,0000950170-23-038497,2023-08-04
BLK,0000950170-23-059279,2023-11-06
BLK,0000950170-24-019271,2024-02-23
BLK,0000950170-24-054148,2024-05-07
BLK,0000950170-24-091706,2024-08-06
BLK,0000950170-24-122256,2024-11-06
BLK,0000950170-25-026584,2025-02-25
BLK,0000950170-25-065838,2025-05-07
BLK,0000950170-25-103780,2025-08-06
BLK,0001193125-25-267043,2025-11-05
BLK,0001193125-26-071966,2026-02-25
BLK,0001193125-26-208766,2026-05-06
BLK,0001564590-21-024726,2021-05-06
BLK,0001564590-21-041406,2021-08-05
BLK,0001564590-21-054838,2021-11-05
BLK,0001564590-22-007117,2022-02-25
BLK,0001564590-22-018505,2022-05-06
BLK,0001564590-22-028139,2022-08-05
BRK-B,0000950170-22-022287,2022-11-07
BRK-B,0000950170-23-004451,2023-02-27
BRK-B,0000950170-23-018438,2023-05-08
BRK-B,0000950170-23-038705,2023-08-07
BRK-B,0000950170-23-058993,2023-11-06
BRK-B,0000950170-24-019719,2024-02-26
BRK-B,0000950170-24-053185,2024-05-06
BRK-B,0000950170-24-090305,2024-08-05
BRK-B,0000950170-24-120241,2024-11-04
BRK-B,0000950170-25-025210,2025-02-24
BRK-B,0000950170-25-063112,2025-05-05
BRK-B,0000950170-25-101578,2025-08-04
BRK-B,0001193125-25-261548,2025-11-03
BRK-B,0001193125-26-083899,2026-03-02
BRK-B,0001193125-26-202243,2026-05-04
BRK-B,0001564590-21-022703,2021-05-03
BRK-B,0001564590-21-042312,2021-08-09
BRK-B,0001564590-21-055032,2021-11-08
BRK-B,0001564590-22-007322,2022-02-28
BRK-B,0001564590-22-016907,2022-05-02
BRK-B,0001564590-22-028282,2022-08-08
C,0000831001-21-000066,2021-05-06
C,0000831001-21-000126,2021-08-04
C,0000831001-21-000167,2021-11-08
C,0000831001-22-000036,2022-02-28
C,0000831001-22-000056,2022-05-09
C,0000831001-22-000111,2022-08-04
C,0000831001-22-000146,2022-11-04
C,0000831001-23-000037,2023-02-27
C,0000831001-23-000055,2023-05-05
C,0000831001-23-000097,2023-08-04
C,0000831001-23-000132,2023-11-03
C,0000831001-24-000033,2024-02-23
C,0000831001-24-000051,2024-05-03
C,0000831001-24-000100,2024-08-02
C,0000831001-24-000134,2024-11-07
C,0000831001-25-000067,2025-02-21
C,0000831001-25-000086,2025-05-08
C,0000831001-25-000131,2025-08-06
C,0000831001-25-000154,2025-11-06
C,0000831001-26-000011,2026-02-20
C,0000831001-26-000019,2026-05-07
CAT,0000018230-21-000151,2021-05-05
CAT,0000018230-21-000221,2021-08-04
CAT,0000018230-21-000260,2021-11-03
CAT,0000018230-22-000050,2022-02-16
CAT,0000018230-22-000112,2022-05-04
CAT,0000018230-22-000183,2022-08-03
CAT,0000018230-22-000223,2022-11-02
CAT,0000018230-23-000011,2023-02-15
CAT,0000018230-23-000022,2023-05-03
CAT,0000018230-23-000047,2023-08-02
CAT,0000018230-23-000056,2023-11-01
CAT,0000018230-24-000009,2024-02-16
CAT,0000018230-24-000020,2024-05-01
CAT,0000018230-24-000045,2024-08-07
CAT,0000018230-24-000053,2024-11-06
CAT,0000018230-25-000008,2025-02-14
CAT,0000018230-25-000016,2025-05-07
CAT,0000018230-25-000040,2025-08-06
CAT,0000018230-25-000048,2025-11-03
CAT,0000018230-26-000008,2026-02-13
CAT,0000018230-26-000021,2026-05-06
COST,0000909832-20-000026,2020-12-16
COST,0000909832-21-000003,2021-03-10
COST,0000909832-21-000008,2021-06-03
COST,0000909832-21-000014,2021-10-06
COST,0000909832-21-000021,2021-12-22
COST,0000909832-22-000005,2022-03-10
COST,0000909832-22-000014,2022-06-02
COST,0000909832-22-000021,2022-10-05
COST,0000909832-22-000035,2022-12-29
COST,0000909832-23-000014,2023-03-09
COST,0000909832-23-000028,2023-06-01
COST,0000909832-23-000042,2023-10-11
COST,0000909832-23-000065,2023-12-20
COST,0000909832-24-000017,2024-03-13
COST,0000909832-24-000029,2024-06-06
COST,0000909832-24-000049,2024-10-09
COST,0000909832-24-000079,2024-12-19
COST,0000909832-25-000015,2025-03-13
COST,0000909832-25-000033,2025-06-05
COST,0000909832-25-000101,2025-10-08
COST,0000909832-25-000169,2025-12-17
COST,0000909832-26-000029,2026-03-11
COST,0000909832-26-000051,2026-06-03
CRM,0001108524-21-000030,2021-06-02
CRM,0001108524-21-000047,2021-08-27
CRM,0001108524-21-000055,2021-12-02
CRM,0001108524-22-000013,2022-03-11
CRM,0001108524-22-000022,2022-06-01
CRM,0001108524-22-000041,2022-08-25
CRM,0001108524-22-000060,2022-12-01
CRM,0001108524-23-000011,2023-03-08
CRM,0001108524-23-000023,2023-06-01
CRM,0001108524-23-000040,2023-08-31
CRM,0001108524-23-000048,2023-11-30
CRM,0001108524-24-000005,2024-03-06
CRM,0001108524-24-000009,2024-05-30
CRM,0001108524-24-000022,2024-08-29
CRM,0001108524-24-000034,2024-12-04
CRM,0001108524-25-000006,2025-03-05
CRM,0001108524-25-000030,2025-05-29
CRM,0001108524-25-000088,2025-09-04
CRM,0001108524-25-000238,2025-12-04
CRM,0001108524-26-000060,2026-03-02
CRM,0001108524-26-000127,2026-05-28
CSCO,0000858877-20-000015,2020-11-17
CSCO,0000858877-21-000004,2021-02-16
CSCO,0000858877-21-000008,2021-05-25
CSCO,0000858877-21-000013,2021-09-09
CSCO,0000858877-21-000018,2021-11-23
CSCO,0000858877-22-000004,2022-02-22
CSCO,0000858877-22-000009,2022-05-25
CSCO,0000858877-22-000013,2022-09-08
CSCO,0000858877-22-000025,2022-11-22
CSCO,0000858877-23-000005,2023-02-21
CSCO,0000858877-23-000013,2023-05-24
CSCO,0000858877-23-000023,2023-09-07
CSCO,0000858877-23-000031,2023-11-21
CSCO,0000858877-24-000003,2024-02-20
CSCO,0000858877-24-000007,2024-05-21
CSCO,0000858877-24-000017,2024-09-05
CSCO,0000858877-24-000030,2024-11-19
CSCO,0000858877-25-000007,2025-02-18
CSCO,0000858877-25-000033,2025-05-20
CSCO,0000858877-25-000111,2025-09-03
CSCO,0000858877-25-000171,2025-11-18
CSCO,0000858877-26-000021,2026-02-17
CSCO,0000858877-26-000078,2026-05-19
CVX,0000093410-21-000015,2021-05-06
CVX,0000093410-21-000036,2021-08-05
CVX,0000093410-21-000046,2021-11-04
CVX,0000093410-22-000019,2022-02-24
CVX,0000093410-22-000026,2022-05-04
CVX,0000093410-22-000066,2022-08-04
CVX,0000093410-22-000075,2022-11-03
CVX,0000093410-23-000009,2023-02-23
CVX,0000093410-23-000066,2023-05-04
CVX,0000093410-23-000079,2023-08-03
CVX,0000093410-23-000088,2023-11-02
CVX,0000093410-24-000013,2024-02-26
CVX,0000093410-24-000021,2024-05-02
CVX,0000093410-24-000040,2024-08-07
CVX,0000093410-24-000059,2024-11-07
CVX,0000093410-25-000009,2025-02-21
CVX,0000093410-25-000019,2025-05-08
CVX,0000093410-25-000062,2025-08-07
CVX,0000093410-25-000108,2025-11-06
CVX,0000093410-26-000078,2026-02-24
CVX,0000093410-26-000113,2026-05-07
DIS,0001744489-20-000197,2020-11-25
DIS,0001744489-21-000047,2021-02-11
DIS,0001744489-21-000108,2021-05-13
DIS,0001744489-21-000181,2021-08-12
DIS,0001744489-21-000220,2021-11-24
DIS,0001744489-22-000059,2022-02-09
DIS,0001744489-22-000100,2022-05-11
DIS,0001744489-22-000161,2022-08-10
DIS,0001744489-22-000213,2022-11-29
DIS,0001744489-23-000049,2023-02-08
DIS,0001744489-23-000099,2023-05-10
DIS,0001744489-23-000171,2023-08-09
DIS,0001744489-23-000216,2023-11-21
DIS,0001744489-24-000081,2024-02-07
DIS,0001744489-24-000152,2024-05-07
DIS,0001744489-24-000232,2024-08-07
DIS,0001744489-24-000276,2024-11-14
DIS,0001744489-25-000067,2025-02-05
DIS,0001744489-25-000098,2025-05-07
DIS,0001744489-25-000136,2025-08-06
DIS,0001744489-25-000155,2025-11-13
DIS,0001744489-26-000019,2026-02-02
DIS,0001744489-26-000037,2026-05-06
GE,0000040545-21-000026,2021-04-27
GE,0000040545-21-000052,2021-07-27
GE,0000040545-21-000064,2021-10-26
GE,0000040545-22-000008,2022-02-11
GE,0000040545-22-000027,2022-04-26
GE,0000040545-22-000050,2022-07-26
GE,0000040545-22-000060,2022-10-25
GE,0000040545-23-000023,2023-02-10
GE,0000040545-23-000136,2023-04-25
GE,0000040545-23-000198,2023-07-25
GE,0000040545-23-000238,2023-10-24
GE,0000040545-24-000027,2024-02-02
GE,0000040545-24-000113,2024-04-23
GE,0000040545-24-000176,2024-07-23
GE,0000040545-24-000200,2024-10-22
GE,0000040545-25-000015,2025-02-03
GE,0000040545-25-000062,2025-04-22
GE,0000040545-25-000111,2025-07-21
GE,0000040545-25-000132,2025-10-21
GE,0000040545-26-000008,2026-01-29
GE,0000040545-26-000027,2026-04-21
GOOG,0001652044-21-000020,2021-04-28
GOOG,0001652044-21-000047,2021-07-28
GOOG,0001652044-21-000057,2021-10-27
GOOG,0001652044-22-000019,2022-02-02
GOOG,0001652044-22-000029,2022-04-27
GOOG,0001652044-22-000071,2022-07-27
GOOG,0001652044-22-000090,2022-10-26
GOOG,0001652044-23-000016,2023-02-03
GOOG,0001652044-23-000045,2023-04-26
GOOG,0001652044-23-000070,2023-07-26
GOOG,0001652044-23-000094,2023-10-25
GOOG,0001652044-24-000022,2024-01-31
GOOG,0001652044-24-000053,2024-04-26
GOOG,0001652044-24-000079,2024-07-24
GOOG,0001652044-24-000118,2024-10-30
GOOG,0001652044-25-000014,2025-02-05
GOOG,0001652044-25-000043,2025-04-25
GOOG,0001652044-25-000062,2025-07-24
GOOG,0001652044-25-000091,2025-10-30
GOOG,0001652044-26-000018,2026-02-05
GOOG,0001652044-26-000048,2026-04-30
GOOGL,0001652044-21-000020,2021-04-28
GOOGL,0001652044-21-000047,2021-07-28
GOOGL,0001652044-21-000057,2021-10-27
GOOGL,0001652044-22-000019,2022-02-02
GOOGL,0001652044-22-000029,2022-04-27
GOOGL,0001652044-22-000071,2022-07-27
GOOGL,0001652044-22-000090,2022-10-26
GOOGL,0001652044-23-000016,2023-02-03
GOOGL,0001652044-23-000045,2023-04-26
GOOGL,0001652044-23-000070,2023-07-26
GOOGL,0001652044-23-000094,2023-10-25
GOOGL,0001652044-24-000022,2024-01-31
GOOGL,0001652044-24-000053,2024-04-26
GOOGL,0001652044-24-000079,2024-07-24
GOOGL,0001652044-24-000118,2024-10-30
GOOGL,0001652044-25-000014,2025-02-05
GOOGL,0001652044-25-000043,2025-04-25
GOOGL,0001652044-25-000062,2025-07-24
GOOGL,0001652044-25-000091,2025-10-30
GOOGL,0001652044-26-000018,2026-02-05
GOOGL,0001652044-26-000048,2026-04-30
GS,0000886982-22-000002,2022-11-03
GS,0000886982-23-000003,2023-02-24
GS,0000886982-23-000005,2023-05-04
GS,0000886982-23-000008,2023-08-03
GS,0000886982-23-000011,2023-11-03
GS,0000886982-24-000006,2024-02-23
GS,0000886982-24-000016,2024-05-03
GS,0000886982-24-000022,2024-08-02
GS,0000886982-24-000025,2024-11-04
GS,0000886982-25-000005,2025-02-27
GS,0000886982-25-000009,2025-05-02
GS,0000886982-25-000022,2025-08-01
GS,0000886982-25-001411,2025-10-31
GS,0000886982-26-000091,2026-02-25
GS,0000886982-26-000118,2026-05-01
GS,0001193125-21-148444,2021-05-04
GS,0001193125-21-235309,2021-08-04
GS,0001193125-21-313689,2021-11-01
GS,0001193125-22-052682,2022-02-25
GS,0001193125-22-134459,2022-05-02
GS,0001193125-22-211433,2022-08-04
HD,0000354950-21-000147,2021-05-25
HD,0000354950-21-000189,2021-08-24
HD,0000354950-21-000234,2021-11-23
HD,0000354950-22-000070,2022-03-23
HD,0000354950-22-000158,2022-05-24
HD,0000354950-22-000193,2022-08-23
HD,0000354950-22-000239,2022-11-22
HD,0000354950-23-000059,2023-03-15
HD,0000354950-23-000144,2023-05-23
HD,0000354950-23-000185,2023-08-22
HD,0000354950-23-000240,2023-11-21
HD,0000354950-24-000062,2024-03-13
HD,0000354950-24-000152,2024-05-21
HD,0000354950-24-000201,2024-08-20
HD,0000354950-24-000240,2024-11-19
HD,0000354950-25-000085,2025-03-21
HD,0000354950-25-000165,2025-05-28
HD,0000354950-25-000217,2025-08-26
HD,0001628280-25-053868,2025-11-25
HD,0001628280-26-019436,2026-03-18
HD,0001628280-26-038247,2026-05-27
IBM,0000051143-23-000021,2023-07-25
IBM,0000051143-23-000032,2023-10-31
IBM,0000051143-24-000012,2024-02-26
IBM,0000051143-24-000025,2024-04-30
IBM,0000051143-24-000039,2024-07-30
IBM,0000051143-24-000049,2024-10-30
IBM,0000051143-25-000015,2025-02-25
IBM,0000051143-25-000032,2025-04-24
IBM,0000051143-25-000052,2025-07-24
IBM,0000051143-25-000064,2025-10-23
IBM,0000051143-26-000010,2026-02-24
IBM,0000051143-26-000038,2026-04-23
IBM,0001558370-21-004922,2021-04-27
IBM,0001558370-21-009351,2021-07-27
IBM,0001558370-21-014734,2021-11-05
IBM,0001558370-22-001584,2022-02-22
IBM,0001558370-22-005983,2022-04-26
IBM,0001558370-22-010985,2022-07-25
IBM,0001558370-22-015322,2022-10-25
IBM,0001558370-23-002376,2023-02-28
IBM,0001558370-23-006656,2023-04-25
INTC,0000050863-21-000018,2021-04-23
INTC,0000050863-21-000030,2021-07-23
INTC,0000050863-21-000038,2021-10-22
INTC,0000050863-22-000007,2022-01-27
INTC,0000050863-22-000020,2022-04-29
INTC,0000050863-22-000030,2022-07-29
INTC,0000050863-22-000038,2022-10-28
INTC,0000050863-23-000006,2023-01-27
INTC,0000050863-23-000028,2023-04-28
INTC,0000050863-23-000069,2023-07-28
INTC,0000050863-23-000103,2023-10-27
INTC,0000050863-24-000010,2024-01-26
INTC,0000050863-24-000076,2024-04-26
INTC,0000050863-24-000124,2024-08-02
INTC,0000050863-24-000149,2024-11-01
INTC,0000050863-25-000009,2025-01-31
INTC,0000050863-25-000074,2025-04-25
INTC,0000050863-25-000109,2025-07-24
INTC,0000050863-25-000179,2025-11-06
INTC,0000050863-26-000011,2026-01-23
INTC,0000050863-26-000079,2026-04-24
INTU,0000896878-20-000223,2020-11-19
INTU,0000896878-21-000059,2021-02-23
INTU,0000896878-21-000115,2021-05-25
INTU,0000896878-21-000233,2021-09-08
INTU,0000896878-21-000260,2021-11-18
INTU,0000896878-22-000010,2022-03-02
INTU,0000896878-22-000021,2022-05-24
INTU,0000896878-22-000028,2022-09-02
INTU,0000896878-22-000036,2022-11-29
INTU,0000896878-23-000010,2023-02-23
INTU,0000896878-23-000020,2023-05-23
INTU,0000896878-23-000034,2023-09-01
INTU,0000896878-23-000041,2023-11-28
INTU,0000896878-24-000011,2024-02-22
INTU,0000896878-24-000026,2024-05-23
INTU,0000896878-24-000039,2024-09-04
INTU,0000896878-24-000053,2024-11-21
INTU,0000896878-25-000015,2025-02-25
INTU,0000896878-25-000022,2025-05-22
INTU,0000896878-25-000035,2025-09-03
INTU,0000896878-25-000048,2025-11-20
INTU,0000896878-26-000014,2026-02-26
INTU,0000896878-26-000025,2026-05-20
ISRG,0001035267-21-000067,2021-04-21
ISRG,0001035267-21-000119,2021-07-21
ISRG,0001035267-21-000178,2021-10-20
ISRG,0001035267-22-000014,2022-02-03
ISRG,0001035267-22-000085,2022-04-22
ISRG,0001035267-22-000128,2022-07-22
ISRG,0001035267-22-000169,2022-10-21
ISRG,0001035267-23-000019,2023-02-10
ISRG,0001035267-23-000092,2023-04-20
ISRG,0001035267-23-000159,2023-07-24
ISRG,0001035267-23-000196,2023-10-20
ISRG,0001035267-24-000021,2024-01-31
ISRG,0001035267-24-000137,2024-04-19
ISRG,0001035267-24-000207,2024-07-19
ISRG,0001035267-24-000247,2024-10-18
ISRG,0001035267-25-000017,2025-01-31
ISRG,0001035267-25-000109,2025-04-23
ISRG,0001035267-25-000192,2025-07-23
ISRG,0001035267-25-000209,2025-10-22
ISRG,0001035267-26-000010,2026-02-03
ISRG,0001035267-26-000032,2026-04-22
JNJ,0000200406-21-000008,2021-02-22
JNJ,0000200406-21-000036,2021-04-30
JNJ,0000200406-21-000057,2021-07-29
JNJ,0000200406-21-000070,2021-10-29
JNJ,0000200406-22-000022,2022-02-17
JNJ,0000200406-22-000048,2022-04-29
JNJ,0000200406-22-000071,2022-07-29
JNJ,0000200406-22-000086,2022-10-27
JNJ,0000200406-23-000016,2023-02-16
JNJ,0000200406-23-000056,2023-04-28
JNJ,0000200406-23-000082,2023-07-31
JNJ,0000200406-23-000102,2023-10-27
JNJ,0000200406-24-000013,2024-02-16
JNJ,0000200406-24-000049,2024-05-01
JNJ,0000200406-24-000075,2024-07-25
JNJ,0000200406-24-000096,2024-10-23
JNJ,0000200406-25-000038,2025-02-13
JNJ,0000200406-25-000119,2025-04-23
JNJ,0000200406-25-000178,2025-07-24
JNJ,0000200406-25-000209,2025-10-22
JNJ,0000200406-26-000016,2026-02-11
JNJ,0000200406-26-000087,2026-04-22
JPM,0000019617-21-000292,2021-05-04
JPM,0000019617-21-000373,2021-08-02
JPM,0000019617-21-000458,2021-11-02
JPM,0000019617-22-000272,2022-02-22
JPM,0000019617-22-000319,2022-05-03
JPM,0000019617-22-000422,2022-08-03
JPM,0000019617-22-000492,2022-11-03
JPM,0000019617-23-000231,2023-02-21
JPM,0000019617-23-000310,2023-05-03
JPM,0000019617-23-000432,2023-08-03
JPM,0000019617-23-000524,2023-11-01
JPM,0000019617-24-000225,2024-02-16
JPM,0000019617-24-000326,2024-05-01
JPM,0000019617-24-000453,2024-08-02
JPM,0000019617-24-000611,2024-10-30
JPM,0000019617-25-000270,2025-02-14
JPM,0000019617-25-000421,2025-05-01
JPM,0000019617-25-000615,2025-08-05
JPM,0001628280-25-048859,2025-11-04
JPM,0001628280-26-008131,2026-02-13
JPM,0001628280-26-029344,2026-05-01
KLAC,0000319201-20-000057,2020-10-30
KLAC,0000319201-21-000008,2021-02-04
KLAC,0000319201-21-000017,2021-04-30
KLAC,0000319201-21-000029,2021-08-06
KLAC,0000319201-21-000037,2021-10-28
KLAC,0000319201-22-000006,2022-01-28
KLAC,0000319201-22-000012,2022-04-29
KLAC,0000319201-22-000023,2022-08-05
KLAC,0000319201-23-000010,2023-01-27
KLAC,0000319201-23-000020,2023-04-28
KLAC,0000319201-23-000031,2023-08-04
KLAC,0000319201-23-000039,2023-10-27
KLAC,0000319201-24-000006,2024-01-26
KLAC,0000319201-24-000012,2024-04-26
KLAC,0000319201-24-000021,2024-08-05
KLAC,0000319201-24-000027,2024-10-31
KLAC,0000319201-25-000006,2025-01-31
KLAC,0000319201-25-000012,2025-05-01
KLAC,0000319201-25-000024,2025-08-08
KLAC,0000319201-25-000034,2025-10-31
KLAC,0000319201-26-000008,2026-01-30
KLAC,0000319201-26-000016,2026-04-30
KLAC,0001628280-22-027311,2022-10-28
KO,0000021344-21-000014,2021-04-27
KO,0000021344-21-000024,2021-07-26
KO,0000021344-21-000030,2021-10-28
KO,0000021344-22-000009,2022-02-22
KO,0000021344-22-000016,2022-04-28
KO,0000021344-22-000034,2022-07-27
KO,0000021344-22-000042,2022-10-26
KO,0000021344-23-000011,2023-02-21
KO,0000021344-23-000024,2023-04-26
KO,0000021344-23-000048,2023-07-27
KO,0000021344-23-000060,2023-10-24
KO,0000021344-24-000009,2024-02-20
KO,0000021344-24-000017,2024-05-02
KO,0000021344-24-000044,2024-07-29
KO,0000021344-24-000060,2024-10-24
KO,0000021344-25-000011,2025-02-20
KO,0000021344-25-000029,2025-05-01
KO,0000021344-25-000061,2025-07-24
KO,0001628280-25-046054,2025-10-23
KO,0001628280-26-010047,2026-02-20
KO,0001628280-26-028802,2026-04-30
LIN,0001628280-21-009226,2021-05-06
LIN,0001628280-21-015013,2021-07-30
LIN,0001628280-21-020801,2021-10-29
LIN,0001628280-22-004180,2022-02-28
LIN,0001628280-22-011722,2022-05-02
LIN,0001628280-22-019683,2022-07-28
LIN,0001628280-22-027183,2022-10-27
LIN,0001628280-23-005434,2023-02-28
LIN,0001628280-23-013457,2023-04-27
LIN,0001628280-23-025878,2023-07-27
LIN,0001628280-23-035251,2023-10-26
LIN,0001628280-24-007424,2024-02-28
LIN,0001628280-24-034299,2024-08-02
LIN,0001628280-24-044457,2024-10-31
LIN,0001628280-25-007990,2025-02-26
LIN,0001628280-25-021379,2025-05-01
LIN,0001628280-25-037164,2025-08-01
LIN,0001628280-25-047710,2025-10-31
LIN,0001628280-26-011430,2026-02-25
LIN,0001628280-26-029165,2026-05-01
LIN,0001707925-24-000090,2024-05-02
LLY,0000059478-21-000122,2021-04-30
LLY,0000059478-21-000171,2021-08-03
LLY,0000059478-21-000216,2021-10-27
LLY,0000059478-22-000068,2022-02-23
LLY,0000059478-22-000133,2022-04-29
LLY,0000059478-22-000196,2022-08-04
LLY,0000059478-22-000250,2022-11-01
LLY,0000059478-23-000082,2023-02-22
LLY,0000059478-23-000162,2023-04-27
LLY,0000059478-23-000221,2023-08-08
LLY,0000059478-23-000284,2023-11-02
LLY,0000059478-24-000065,2024-02-21
LLY,0000059478-24-000118,2024-04-30
LLY,0000059478-24-000187,2024-08-08
LLY,0000059478-24-000245,2024-10-30
LLY,0000059478-25-000067,2025-02-19
LLY,0000059478-25-000132,2025-05-01
LLY,0000059478-25-000204,2025-08-07
LLY,0000059478-25-000254,2025-10-30
LLY,0000059478-26-000013,2026-02-12
LLY,0000059478-26-000045,2026-04-30
LRCX,0000707549-20-000173,2020-10-27
LRCX,0000707549-21-000017,2021-02-02
LRCX,0000707549-21-000089,2021-04-28
LRCX,0000707549-21-000136,2021-08-17
LRCX,0000707549-21-000155,2021-10-26
LRCX,0000707549-22-000012,2022-02-01
LRCX,0000707549-22-000067,2022-04-26
LRCX,0000707549-22-000107,2022-08-24
LRCX,0000707549-22-000124,2022-10-24
LRCX,0000707549-23-000008,2023-01-30
LRCX,0000707549-23-000081,2023-04-24
LRCX,0000707549-23-000102,2023-08-15
LRCX,0000707549-23-000115,2023-10-23
LRCX,0000707549-24-000016,2024-01-29
LRCX,0000707549-24-000067,2024-04-29
LRCX,0000707549-24-000106,2024-08-29
LRCX,0000707549-24-000128,2024-10-28
LRCX,0000707549-25-000014,2025-01-31
LRCX,0000707549-25-000054,2025-04-25
LRCX,0000707549-25-000075,2025-08-11
LRCX,0000707549-25-000085,2025-10-24
LRCX,0000707549-26-000009,2026-01-29
LRCX,0000707549-26-000022,2026-04-23
MA,0001141391-21-000091,2021-04-29
MA,0001141391-21-000156,2021-07-29
MA,0001141391-21-000182,2021-10-28
MA,0001141391-22-000023,2022-02-11
MA,0001141391-22-000088,2022-04-28
MA,0001141391-22-000150,2022-07-28
MA,0001141391-22-000163,2022-10-27
MA,0001141391-23-000020,2023-02-14
MA,0001141391-23-000059,2023-04-27
MA,0001141391-23-000131,2023-07-27
MA,0001141391-23-000157,2023-10-26
MA,0001141391-24-000022,2024-02-13
MA,0001141391-24-000087,2024-05-01
MA,0001141391-24-000161,2024-07-31
MA,0001141391-24-000202,2024-10-31
MA,0001141391-25-000011,2025-02-12
MA,0001141391-25-000090,2025-05-01
MA,0001141391-25-000172,2025-07-31
MA,0001141391-25-000193,2025-10-30
MA,0001141391-26-000013,2026-02-11
MA,0001141391-26-000031,2026-04-30
MCD,0000063908-21-000018,2021-05-05
MCD,0000063908-21-000030,2021-08-04
MCD,0000063908-21-000039,2021-11-02
MCD,0000063908-22-000011,2022-02-24
MCD,0000063908-22-000016,2022-05-02
MCD,0000063908-22-000041,2022-08-04
MCD,0000063908-22-000055,2022-11-07
MCD,0000063908-23-000012,2023-02-24
MCD,0000063908-23-000036,2023-05-04
MCD,0000063908-23-000076,2023-08-02
MCD,0000063908-23-000101,2023-11-02
MCD,0000063908-24-000072,2024-02-22
MCD,0000063908-24-000092,2024-05-08
MCD,0000063908-24-000123,2024-08-08
MCD,0000063908-24-000156,2024-11-07
MCD,0000063908-25-000012,2025-02-25
MCD,0000063908-25-000025,2025-05-12
MCD,0000063908-25-000039,2025-08-06
MCD,0000063908-25-000059,2025-11-05
MCD,0000063908-26-000035,2026-02-24
MCD,0000063908-26-000051,2026-05-07
META,0001326801-21-000033,2021-04-29
META,0001326801-21-000049,2021-07-29
META,0001326801-21-000065,2021-10-26
META,0001326801-22-000018,2022-02-03
META,0001326801-22-000057,2022-04-28
META,0001326801-22-000082,2022-07-28
META,0001326801-22-000108,2022-10-27
META,0001326801-23-000013,2023-02-02
META,0001326801-23-000067,2023-04-27
META,0001326801-23-000093,2023-07-27
META,0001326801-23-000103,2023-10-26
META,0001326801-24-000012,2024-02-02
META,0001326801-24-000049,2024-04-25
META,0001326801-24-000069,2024-08-01
META,0001326801-24-000081,2024-10-31
META,0001326801-25-000017,2025-01-30
META,0001326801-25-000054,2025-05-01
META,0001628280-25-036791,2025-07-31
META,0001628280-25-047240,2025-10-30
META,0001628280-26-003942,2026-01-29
META,0001628280-26-028526,2026-04-30
MRK,0000310158-21-000009,2021-05-05
MRK,0000310158-21-000028,2021-08-09
MRK,0000310158-21-000032,2021-11-05
MRK,0000310158-22-000003,2022-02-25
MRK,0000310158-22-000011,2022-05-05
MRK,0000310158-22-000030,2022-08-05
MRK,0000310158-22-000034,2022-11-03
MRK,0000310158-25-000014,2025-08-05
MRK,0000310158-25-000059,2025-11-05
MRK,0000310158-26-000063,2026-02-24
MRK,0001628280-23-005061,2023-02-24
MRK,0001628280-23-015990,2023-05-05
MRK,0001628280-23-027770,2023-08-07
MRK,0001628280-23-036717,2023-11-03
MRK,0001628280-24-006850,2024-02-26
MRK,0001628280-24-020283,2024-05-03
MRK,0001628280-24-034715,2024-08-05
MRK,0001628280-24-045689,2024-11-06
MRK,0001628280-25-007732,2025-02-25
MRK,0001628280-25-021834,2025-05-02
MRK,0001628280-26-029802,2026-05-04
MS,0000895421-21-000334,2021-05-03
MS,0000895421-21-000425,2021-08-02
MS,0000895421-21-000532,2021-11-03
MS,0000895421-22-000400,2022-02-24
MS,0000895421-22-000442,2022-05-04
MS,0000895421-22-000515,2022-08-05
MS,0000895421-22-000587,2022-11-03
MS,0000895421-23-000284,2023-02-24
MS,0000895421-23-000315,2023-05-02
MS,0000895421-23-000374,2023-08-03
MS,0000895421-23-000441,2023-11-03
MS,0000895421-24-000300,2024-02-22
MS,0000895421-24-000322,2024-05-03
MS,0000895421-24-000403,2024-08-05
MS,0000895421-24-000491,2024-11-04
MS,0000895421-25-000304,2025-02-21
MS,0000895421-25-000343,2025-05-05
MS,0000895421-25-000440,2025-08-04
MS,0000895421-25-000539,2025-11-03
MS,0000895421-26-000086,2026-02-19
MS,0000895421-26-000121,2026-05-05
MSFT,0000950170-23-014423,2023-04-25
MSFT,0000950170-23-035122,2023-07-27
MSFT,0000950170-23-054855,2023-10-24
MSFT,0000950170-24-008814,2024-01-30
MSFT,0000950170-24-048288,2024-04-25
MSFT,0000950170-24-087843,2024-07-30
MSFT,0000950170-24-118967,2024-10-30
MSFT,0000950170-25-010491,2025-01-29
MSFT,0000950170-25-061046,2025-04-30
MSFT,0000950170-25-100235,2025-07-30
MSFT,0001193125-25-256321,2025-10-29
MSFT,0001193125-26-027207,2026-01-28
MSFT,0001193125-26-191507,2026-04-29
MSFT,0001564590-20-047996,2020-10-27
MSFT,0001564590-21-002316,2021-01-26
MSFT,0001564590-21-020891,2021-04-27
MSFT,0001564590-21-039151,2021-07-29
MSFT,0001564590-21-051992,2021-10-26
MSFT,0001564590-22-002324,2022-01-25
MSFT,0001564590-22-015675,2022-04-26
MSFT,0001564590-22-026876,2022-07-28
MSFT,0001564590-22-035087,2022-10-25
MSFT,0001564590-23-000733,2023-01-24
MU,0000723125-20-000082,2020-10-19
MU,0000723125-21-000012,2021-01-08
MU,0000723125-21-000032,2021-04-01
MU,0000723125-21-000052,2021-07-01
MU,0000723125-21-000065,2021-10-08
MU,0000723125-22-000004,2022-01-06
MU,0000723125-22-000016,2022-03-30
MU,0000723125-22-000036,2022-07-01
MU,0000723125-22-000048,2022-10-07
MU,0000723125-22-000072,2022-12-22
MU,0000723125-23-000022,2023-03-29
MU,0000723125-23-000041,2023-06-29
MU,0000723125-23-000054,2023-10-06
MU,0000723125-23-000077,2023-12-21
MU,0000723125-24-000007,2024-03-21
MU,0000723125-24-000019,2024-06-27
MU,0000723125-24-000027,2024-10-04
MU,0000723125-24-000047,2024-12-19
MU,0000723125-25-000009,2025-03-21
MU,0000723125-25-000021,2025-06-26
MU,0000723125-25-000028,2025-10-03
MU,0000723125-25-000046,2025-12-18
MU,0000723125-26-000006,2026-03-19
MU,0000723125-26-000015,2026-06-25
NEE,0000753308-21-000108,2021-04-23
NEE,0000753308-21-000148,2021-07-26
NEE,0000753308-21-000167,2021-10-25
NEE,0000753308-22-000014,2022-02-18
NEE,0000753308-22-000033,2022-04-22
NEE,0000753308-22-000055,2022-07-27
NEE,0000753308-22-000081,2022-11-03
NEE,0000753308-23-000019,2023-02-17
NEE,0000753308-23-000033,2023-04-26
NEE,0000753308-23-000045,2023-07-26
NEE,0000753308-23-000058,2023-11-07
NEE,0000753308-24-000008,2024-02-16
NEE,0000753308-24-000023,2024-04-23
NEE,0000753308-24-000050,2024-07-24
NEE,0000753308-24-000057,2024-10-23
NEE,0000753308-25-000011,2025-02-14
NEE,0000753308-25-000024,2025-04-23
NEE,0000753308-25-000040,2025-07-23
NEE,0000753308-25-000056,2025-10-28
NEE,0000753308-26-000015,2026-02-13
NEE,0000753308-26-000031,2026-04-23
NFLX,0001065280-21-000144,2021-04-22
NFLX,0001065280-21-000250,2021-07-22
NFLX,0001065280-21-000363,2021-10-21
NFLX,0001065280-22-000036,2022-01-27
NFLX,0001065280-22-000145,2022-04-21
NFLX,0001065280-22-000257,2022-07-21
NFLX,0001065280-22-000368,2022-10-20
NFLX,0001065280-23-000035,2023-01-26
NFLX,0001065280-23-000120,2023-04-21
NFLX,0001065280-23-000198,2023-07-21
NFLX,0001065280-23-000273,2023-10-20
NFLX,0001065280-24-000030,2024-01-26
NFLX,0001065280-24-000128,2024-04-22
NFLX,0001065280-24-000200,2024-07-19
NFLX,0001065280-24-000287,2024-10-18
NFLX,0001065280-25-000044,2025-01-27
NFLX,0001065280-25-000176,2025-04-18
NFLX,0001065280-25-000323,2025-07-18
NFLX,0001065280-25-000406,2025-10-22
NFLX,0001065280-26-000034,2026-01-23
NFLX,0001065280-26-000138,2026-04-17
NOW,0001373715-21-000114,2021-04-29
NOW,0001373715-21-000202,2021-07-29
NOW,0001373715-21-000292,2021-10-28
NOW,0001373715-22-000024,2022-02-03
NOW,0001373715-22-000134,2022-04-28
NOW,0001373715-22-000241,2022-07-28
NOW,0001373715-22-000330,2022-10-27
NOW,0001373715-23-000035,2023-01-31
NOW,0001373715-23-000166,2023-04-27
NOW,0001373715-23-000325,2023-07-27
NOW,0001373715-23-000419,2023-10-26
NOW,0001373715-24-000030,2024-01-25
NOW,0001373715-24-000169,2024-05-06
NOW,0001373715-24-000272,2024-07-25
NOW,0001373715-24-000344,2024-10-24
NOW,0001373715-25-000010,2025-01-30
NOW,0001373715-25-000126,2025-04-23
NOW,0001373715-25-000276,2025-07-24
NOW,0001373715-25-000309,2025-10-30
NOW,0001373715-26-000007,2026-01-29
NOW,0001373715-26-000056,2026-04-23
NVDA,0001045810-21-000064,2021-05-26
NVDA,0001045810-21-000131,2021-08-20
NVDA,0001045810-21-000163,2021-11-22
NVDA,0001045810-22-000036,2022-03-18
NVDA,0001045810-22-000079,2022-05-27
NVDA,0001045810-22-000147,2022-08-31
NVDA,0001045810-22-000166,2022-11-18
NVDA,0001045810-23-000017,2023-02-24
NVDA,0001045810-23-000093,2023-05-26
NVDA,0001045810-23-000175,2023-08-28
NVDA,0001045810-23-000227,2023-11-21
NVDA,0001045810-24-000029,2024-02-21
NVDA,0001045810-24-000124,2024-05-29
NVDA,0001045810-24-000264,2024-08-28
NVDA,0001045810-24-000316,2024-11-20
NVDA,0001045810-25-000023,2025-02-26
NVDA,0001045810-25-000116,2025-05-28
NVDA,0001045810-25-000209,2025-08-27
NVDA,0001045810-25-000230,2025-11-19
NVDA,0001045810-26-000021,2026-02-25
NVDA,0001045810-26-000052,2026-05-20
ORCL,0000950170-23-028914,2023-06-20
ORCL,0000950170-23-047713,2023-09-12
ORCL,0000950170-23-069682,2023-12-12
ORCL,0000950170-24-029904,2024-03-12
ORCL,0000950170-24-075605,2024-06-20
ORCL,0000950170-24-104905,2024-09-10
ORCL,0000950170-24-134973,2024-12-10
ORCL,0000950170-25-037143,2025-03-11
ORCL,0000950170-25-087926,2025-06-18
ORCL,0001193125-25-200095,2025-09-10
ORCL,0001193125-25-315925,2025-12-11
ORCL,0001193125-26-101045,2026-03-11
ORCL,0001193125-26-277521,2026-06-22
ORCL,0001564590-20-043448,2020-09-15
ORCL,0001564590-20-056896,2020-12-11
ORCL,0001564590-21-012539,2021-03-11
ORCL,0001564590-21-033616,2021-06-21
ORCL,0001564590-21-047772,2021-09-13
ORCL,0001564590-21-060022,2021-12-10
ORCL,0001564590-22-009859,2022-03-11
ORCL,0001564590-22-023675,2022-06-21
ORCL,0001564590-22-031545,2022-09-13
ORCL,0001564590-22-039278,2022-12-13
ORCL,0001564590-23-003413,2023-03-10
PEP,0000077476-21-000018,2021-04-15
PEP,0000077476-21-000039,2021-07-13
PEP,0000077476-21-000050,2021-10-05
PEP,0000077476-22-000010,2022-02-10
PEP,0000077476-22-000020,2022-04-26
PEP,0000077476-22-000043,2022-07-12
PEP,0000077476-22-000052,2022-10-12
PEP,0000077476-23-000007,2023-02-09
PEP,0000077476-23-000023,2023-04-25
PEP,0000077476-23-000046,2023-07-13
PEP,0000077476-23-000058,2023-10-10
PEP,0000077476-24-000008,2024-02-09
PEP,0000077476-24-000017,2024-04-23
PEP,0000077476-24-000042,2024-07-11
PEP,0000077476-24-000052,2024-10-08
PEP,0000077476-25-000007,2025-02-04
PEP,0000077476-25-000019,2025-04-24
PEP,0000077476-25-000044,2025-07-17
PEP,0000077476-25-000053,2025-10-09
PEP,0000077476-26-000007,2026-02-03
PEP,0000077476-26-000017,2026-04-16
PG,0000080424-20-000097,2020-10-20
PG,0000080424-21-000026,2021-01-20
PG,0000080424-21-000062,2021-04-20
PG,0000080424-21-000100,2021-08-06
PG,0000080424-21-000129,2021-10-19
PG,0000080424-22-000016,2022-01-19
PG,0000080424-22-000035,2022-04-20
PG,0000080424-22-000064,2022-08-05
PG,0000080424-22-000102,2022-10-19
PG,0000080424-23-000014,2023-01-19
PG,0000080424-23-000046,2023-04-21
PG,0000080424-23-000073,2023-08-04
PG,0000080424-23-000103,2023-10-18
PG,0000080424-24-000018,2024-01-23
PG,0000080424-24-000051,2024-04-19
PG,0000080424-24-000083,2024-08-05
PG,0000080424-24-000113,2024-10-18
PG,0000080424-25-000013,2025-01-22
PG,0000080424-25-000037,2025-04-24
PG,0000080424-25-000076,2025-08-04
PG,0000080424-25-000245,2025-10-24
PG,0000080424-26-000011,2026-01-23
PG,0000080424-26-000060,2026-04-24
PLTR,0000950123-21-010430,2021-08-12
PLTR,0001193125-21-159222,2021-05-12
PLTR,0001193125-21-323920,2021-11-09
PLTR,0001193125-22-050913,2022-02-24
PLTR,0001321655-22-000006,2022-05-09
PLTR,0001321655-22-000016,2022-08-08
PLTR,0001321655-22-000032,2022-11-07
PLTR,0001321655-23-000011,2023-02-21
PLTR,0001321655-23-000044,2023-05-09
PLTR,0001321655-23-000090,2023-08-08
PLTR,0001321655-23-000118,2023-11-03
PLTR,0001321655-24-000022,2024-02-20
PLTR,0001321655-24-000071,2024-05-07
PLTR,0001321655-24-000135,2024-08-06
PLTR,0001321655-24-000209,2024-11-05
PLTR,0001321655-25-000022,2025-02-18
PLTR,0001321655-25-000066,2025-05-06
PLTR,0001321655-25-000106,2025-08-05
PLTR,0001321655-25-000131,2025-11-04
PLTR,0001321655-26-000011,2026-02-17
PLTR,0001321655-26-000028,2026-05-05
PM,0001413329-21-000025,2021-04-27
PM,0001413329-21-000058,2021-07-27
PM,0001413329-21-000091,2021-10-27
PM,0001413329-22-000011,2022-02-11
PM,0001413329-22-000035,2022-04-28
PM,0001413329-22-000072,2022-07-29
PM,0001413329-22-000114,2022-10-27
PM,0001413329-23-000025,2023-02-10
PM,0001413329-23-000117,2023-04-26
PM,0001413329-23-000176,2023-07-27
PM,0001413329-23-000201,2023-10-26
PM,0001413329-24-000013,2024-02-08
PM,0001413329-24-000087,2024-04-26
PM,0001413329-24-000145,2024-07-25
PM,0001413329-24-000172,2024-10-24
PM,0001413329-25-000013,2025-02-06
PM,0001413329-25-000094,2025-04-24
PM,0001413329-25-000150,2025-07-25
PM,0001628280-25-046179,2025-10-24
PM,0001628280-26-005939,2026-02-06
PM,0001628280-26-027019,2026-04-24
QCOM,0000804328-22-000021,2022-11-02
QCOM,0000804328-23-000006,2023-02-02
QCOM,0000804328-23-000023,2023-05-03
QCOM,0000804328-23-000043,2023-08-02
QCOM,0000804328-23-000055,2023-11-01
QCOM,0000804328-24-000017,2024-01-31
QCOM,0000804328-24-000039,2024-05-01
QCOM,0000804328-24-000056,2024-07-31
QCOM,0000804328-24-000075,2024-11-06
QCOM,0000804328-25-000011,2025-02-05
QCOM,0000804328-25-000031,2025-04-30
QCOM,0000804328-25-000045,2025-07-30
QCOM,0000804328-25-000085,2025-11-05
QCOM,0000804328-26-000017,2026-02-04
QCOM,0000804328-26-000061,2026-04-29
QCOM,0001728949-21-000022,2021-02-03
QCOM,0001728949-21-000043,2021-04-28
QCOM,0001728949-21-000066,2021-07-28
QCOM,0001728949-21-000076,2021-11-03
QCOM,0001728949-22-000012,2022-02-02
QCOM,0001728949-22-000026,2022-04-27
QCOM,0001728949-22-000040,2022-07-27
RTX,0000101829-21-000024,2021-04-27
RTX,0000101829-21-000051,2021-07-27
RTX,0000101829-21-000056,2021-10-26
RTX,0000101829-22-000005,2022-02-11
RTX,0000101829-22-000018,2022-04-26
RTX,0000101829-22-000040,2022-07-26
RTX,0000101829-22-000056,2022-10-25
RTX,0000101829-23-000009,2023-02-07
RTX,0000101829-23-000015,2023-04-25
RTX,0000101829-23-000032,2023-07-25
RTX,0000101829-23-000037,2023-10-24
RTX,0000101829-24-000008,2024-02-05
RTX,0000101829-24-000012,2024-04-23
RTX,0000101829-24-000027,2024-07-25
RTX,0000101829-24-000038,2024-10-22
RTX,0000101829-25-000005,2025-02-03
RTX,0000101829-25-000015,2025-04-22
RTX,0000101829-25-000032,2025-07-22
RTX,0000101829-25-000042,2025-10-21
RTX,0000101829-26-000006,2026-02-06
RTX,0000101829-26-000011,2026-04-21
SCHW,0000316709-21-000029,2021-05-07
SCHW,0000316709-21-000062,2021-08-06
SCHW,0000316709-21-000081,2021-11-08
SCHW,0000316709-22-000009,2022-02-24
SCHW,0000316709-22-000018,2022-05-09
SCHW,0000316709-22-000028,2022-08-08
SCHW,0000316709-22-000045,2022-11-08
SCHW,0000316709-23-000009,2023-02-24
SCHW,0000316709-23-000026,2023-05-08
SCHW,0000316709-23-000037,2023-08-08
SCHW,0000316709-23-000062,2023-11-08
SCHW,0000316709-24-000018,2024-02-23
SCHW,0000316709-24-000044,2024-05-09
SCHW,0000316709-24-000060,2024-08-08
SCHW,0000316709-24-000069,2024-11-08
SCHW,0000316709-25-000010,2025-02-26
SCHW,0000316709-25-000023,2025-05-09
SCHW,0000316709-25-000039,2025-08-08
SCHW,0000316709-25-000051,2025-11-07
SCHW,0000316709-26-000009,2026-02-25
SCHW,0000316709-26-000019,2026-05-08
SPGI,0000064040-21-000121,2021-04-29
SPGI,0000064040-21-000155,2021-07-29
SPGI,0000064040-22-000055,2022-02-08
SPGI,0000064040-22-000113,2022-05-04
SPGI,0000064040-22-000143,2022-08-03
SPGI,0000064040-22-000171,2022-10-28
SPGI,0000064040-23-000058,2023-02-10
SPGI,0000064040-23-000113,2023-04-27
SPGI,0000064040-23-000159,2023-07-27
SPGI,0000064040-23-000193,2023-11-02
SPGI,0000064040-24-000071,2024-02-09
SPGI,0000064040-24-000125,2024-04-25
SPGI,0000064040-24-000150,2024-07-30
SPGI,0000064040-24-000178,2024-10-25
SPGI,0000064040-25-000052,2025-02-11
SPGI,0000064040-25-000126,2025-04-29
SPGI,0000064040-25-000147,2025-08-01
SPGI,0000064040-25-000167,2025-10-30
SPGI,0000064040-26-000013,2026-02-11
SPGI,0000064040-26-000024,2026-04-28
SPGI,0001628280-21-020543,2021-10-26
T,0000732717-21-000030,2021-05-06
T,0000732717-21-000067,2021-08-05
T,0000732717-21-000080,2021-11-04
T,0000732717-22-000015,2022-02-16
T,0000732717-22-000042,2022-05-03
T,0000732717-22-000093,2022-08-04
T,0000732717-22-000102,2022-11-03
T,0000732717-23-000011,2023-02-13
T,0000732717-23-000022,2023-05-01
T,0000732717-23-000047,2023-07-27
T,0000732717-23-000057,2023-10-31
T,0000732717-24-000009,2024-02-23
T,0000732717-24-000022,2024-05-02
T,0000732717-24-000053,2024-07-25
T,0000732717-24-000059,2024-10-29
T,0000732717-25-000013,2025-02-12
T,0000732717-25-000023,2025-04-29
T,0000732717-25-000080,2025-07-24
T,0000732717-25-000171,2025-10-31
T,0000732717-26-000120,2026-02-09
T,0000732717-26-000206,2026-04-27
TJX,0000109198-21-000019,2021-05-28
TJX,0000109198-21-000027,2021-08-27
TJX,0000109198-21-000030,2021-11-30
TJX,0000109198-22-000008,2022-03-30
TJX,0000109198-22-000029,2022-05-27
TJX,0000109198-22-000041,2022-08-26
TJX,0000109198-22-000044,2022-11-29
TJX,0000109198-23-000004,2023-03-29
TJX,0000109198-23-000031,2023-05-26
TJX,0000109198-23-000051,2023-08-25
TJX,0000109198-23-000060,2023-11-29
TJX,0000109198-24-000014,2024-04-03
TJX,0000109198-24-000035,2024-05-31
TJX,0000109198-24-000048,2024-08-30
TJX,0000109198-24-000059,2024-12-04
TJX,0000109198-25-000010,2025-04-02
TJX,0000109198-25-000043,2025-05-30
TJX,0000109198-25-000054,2025-08-29
TJX,0000109198-25-000061,2025-12-02
TJX,0000109198-26-000008,2026-03-31
TJX,0000109198-26-000034,2026-05-29
TMO,0000097745-21-000026,2021-05-07
TMO,0000097745-21-000045,2021-08-06
TMO,0000097745-21-000058,2021-11-04
TMO,0000097745-22-000011,2022-02-24
TMO,0000097745-22-000027,2022-05-06
TMO,0000097745-22-000047,2022-08-05
TMO,0000097745-22-000057,2022-11-04
TMO,0000097745-23-000008,2023-02-23
TMO,0000097745-23-000033,2023-05-05
TMO,0000097745-23-000059,2023-08-04
TMO,0000097745-23-000069,2023-11-03
TMO,0000097745-24-000007,2024-02-22
TMO,0000097745-24-000023,2024-05-03
TMO,0000097745-24-000040,2024-08-02
TMO,0000097745-24-000046,2024-11-01
TMO,0000097745-25-000010,2025-02-20
TMO,0000097745-25-000041,2025-05-02
TMO,0000097745-25-000101,2025-08-01
TMO,0000097745-25-000159,2025-10-31
TMO,0000097745-26-000018,2026-02-26
TMO,0000097745-26-000092,2026-05-01
TSLA,0000950170-21-000046,2021-04-28
TSLA,0000950170-21-000524,2021-07-27
TSLA,0000950170-21-002253,2021-10-25
TSLA,0000950170-22-000796,2022-02-07
TSLA,0000950170-22-006034,2022-04-25
TSLA,0000950170-22-012936,2022-07-25
TSLA,0000950170-22-019867,2022-10-24
TSLA,0000950170-23-001409,2023-01-31
TSLA,0000950170-23-013890,2023-04-24
TSLA,0000950170-23-033872,2023-07-24
TSLA,0001628280-23-034847,2023-10-23
TSLA,0001628280-24-002390,2024-01-29
TSLA,0001628280-24-017503,2024-04-24
TSLA,0001628280-24-032662,2024-07-24
TSLA,0001628280-24-043486,2024-10-24
TSLA,0001628280-25-003063,2025-01-30
TSLA,0001628280-25-018911,2025-04-23
TSLA,0001628280-25-035806,2025-07-24
TSLA,0001628280-25-045968,2025-10-23
TSLA,0001628280-26-003952,2026-01-29
TSLA,0001628280-26-026673,2026-04-23
TXN,0000097476-21-000013,2021-04-28
TXN,0000097476-21-000020,2021-07-22
TXN,0000097476-21-000032,2021-10-27
TXN,0000097476-22-000009,2022-02-04
TXN,0000097476-22-000028,2022-04-27
TXN,0000097476-22-000040,2022-07-27
TXN,0000097476-22-000048,2022-10-26
TXN,0000097476-23-000007,2023-02-03
TXN,0000097476-23-000025,2023-04-26
TXN,0000097476-23-000035,2023-07-26
TXN,0000097476-23-000041,2023-10-25
TXN,0000097476-24-000007,2024-02-02
TXN,0000097476-24-000021,2024-04-24
TXN,0000097476-24-000030,2024-07-24
TXN,0000097476-24-000042,2024-10-23
TXN,0000097476-25-000007,2025-02-14
TXN,0000097476-25-000027,2025-04-24
TXN,0000097476-25-000036,2025-07-29
TXN,0000097476-25-000060,2025-10-23
TXN,0000097476-26-000059,2026-02-06
TXN,0000097476-26-000101,2026-04-24
UBER,0001543151-21-000029,2021-05-06
UBER,0001543151-21-000038,2021-08-05
UBER,0001543151-21-000047,2021-11-09
UBER,0001543151-22-000008,2022-02-24
UBER,0001543151-22-000015,2022-05-05
UBER,0001543151-22-000024,2022-08-04
UBER,0001543151-22-000034,2022-11-02
UBER,0001543151-23-000010,2023-02-21
UBER,0001543151-23-000016,2023-05-03
UBER,0001543151-23-000025,2023-08-02
UBER,0001543151-23-000039,2023-11-07
UBER,0001543151-24-000012,2024-02-15
UBER,0001543151-24-000020,2024-05-08
UBER,0001543151-24-000027,2024-08-06
UBER,0001543151-24-000036,2024-10-31
UBER,0001543151-25-000008,2025-02-14
UBER,0001543151-25-000015,2025-05-07
UBER,0001543151-25-000023,2025-08-06
UBER,0001543151-25-000033,2025-11-04
UBER,0001543151-26-000015,2026-02-13
UBER,0001543151-26-000022,2026-05-06
UNH,0000731766-21-000021,2021-05-05
UNH,0000731766-21-000037,2021-08-03
UNH,0000731766-21-000051,2021-11-03
UNH,0000731766-22-000008,2022-02-15
UNH,0000731766-22-000019,2022-05-04
UNH,0000731766-22-000036,2022-08-03
UNH,0000731766-22-000044,2022-11-02
UNH,0000731766-23-000008,2023-02-24
UNH,0000731766-23-000029,2023-05-03
UNH,0000731766-23-000053,2023-08-02
UNH,0000731766-23-000064,2023-11-06
UNH,0000731766-24-000081,2024-02-28
UNH,0000731766-24-000155,2024-05-09
UNH,0000731766-24-000262,2024-08-09
UNH,0000731766-24-000323,2024-11-04
UNH,0000731766-25-000063,2025-02-27
UNH,0000731766-25-000131,2025-05-07
UNH,0000731766-25-000236,2025-08-11
UNH,0000731766-25-000305,2025-10-28
UNH,0000731766-26-000062,2026-03-02
UNH,0000731766-26-000127,2026-05-05
V,0001403161-21-000012,2021-01-29
V,0001403161-21-000029,2021-04-29
V,0001403161-21-000042,2021-07-29
V,0001403161-21-000060,2021-11-18
V,0001403161-22-000013,2022-01-28
V,0001403161-22-000027,2022-04-28
V,0001403161-22-000058,2022-07-28
V,0001403161-22-000081,2022-11-16
V,0001403161-23-000013,2023-01-27
V,0001403161-23-000031,2023-04-27
V,0001403161-23-000072,2023-07-26
V,0001403161-23-000099,2023-11-15
V,0001403161-24-000016,2024-01-26
V,0001403161-24-000030,2024-04-24
V,0001403161-24-000041,2024-07-24
V,0001403161-24-000058,2024-11-13
V,0001403161-25-000017,2025-01-31
V,0001403161-25-000037,2025-04-30
V,0001403161-25-000052,2025-07-30
V,0001403161-25-000089,2025-11-06
V,0001403161-26-000045,2026-01-30
V,0001403161-26-000079,2026-04-29
VZ,0000732712-21-000024,2021-04-27
VZ,0000732712-21-000046,2021-07-28
VZ,0000732712-21-000054,2021-10-26
VZ,0000732712-22-000008,2022-02-11
VZ,0000732712-22-000019,2022-04-27
VZ,0000732712-22-000043,2022-07-28
VZ,0000732712-22-000050,2022-10-25
VZ,0000732712-23-000012,2023-02-10
VZ,0000732712-23-000029,2023-04-27
VZ,0000732712-23-000055,2023-07-28
VZ,0000732712-23-000063,2023-10-26
VZ,0000732712-24-000010,2024-02-09
VZ,0000732712-24-000029,2024-04-25
VZ,0000732712-24-000052,2024-07-25
VZ,0000732712-24-000069,2024-10-25
VZ,0000732712-25-000006,2025-02-12
VZ,0000732712-25-000024,2025-04-25
VZ,0000732712-25-000086,2025-07-25
VZ,0000732712-25-000116,2025-10-29
VZ,0000732712-26-000007,2026-02-17
VZ,0000732712-26-000023,2026-05-01
WFC,0000072971-21-000221,2021-05-05
WFC,0000072971-21-000267,2021-07-28
WFC,0000072971-21-000317,2021-11-01
WFC,0000072971-22-000096,2022-02-22
WFC,0000072971-22-000113,2022-05-03
WFC,0000072971-22-000174,2022-08-01
WFC,0000072971-22-000205,2022-10-31
WFC,0000072971-23-000071,2023-02-21
WFC,0000072971-23-000102,2023-05-02
WFC,0000072971-23-000138,2023-08-01
WFC,0000072971-23-000170,2023-10-31
WFC,0000072971-24-000064,2024-02-20
WFC,0000072971-24-000129,2024-05-02
WFC,0000072971-24-000185,2024-08-01
WFC,0000072971-24-000243,2024-10-31
WFC,0000072971-25-000066,2025-02-25
WFC,0000072971-25-000129,2025-04-29
WFC,0000072971-25-000201,2025-08-05
WFC,0000072971-25-000253,2025-10-31
WFC,0000072971-26-000133,2026-02-24
WFC,0000072971-26-000217,2026-04-29
WMT,0000104169-21-000042,2021-06-04
WMT,0000104169-21-000058,2021-09-02
WMT,0000104169-21-000072,2021-12-01
WMT,0000104169-22-000012,2022-03-18
WMT,0000104169-22-000029,2022-06-03
WMT,0000104169-22-000072,2022-09-02
WMT,0000104169-22-000083,2022-12-01
WMT,0000104169-23-000020,2023-03-17
WMT,0000104169-23-000052,2023-06-02
WMT,0000104169-23-000097,2023-09-01
WMT,0000104169-23-000132,2023-11-30
WMT,0000104169-24-000056,2024-03-15
WMT,0000104169-24-000105,2024-06-07
WMT,0000104169-24-000141,2024-08-30
WMT,0000104169-24-000178,2024-12-06
WMT,0000104169-25-000021,2025-03-14
WMT,0000104169-25-000090,2025-06-06
WMT,0000104169-25-000137,2025-08-29
WMT,0000104169-25-000191,2025-12-03
WMT,0000104169-26-000055,2026-03-13
WMT,0000104169-26-000102,2026-05-29
XOM,0000034088-21-000024,2021-05-05
XOM,0000034088-21-000051,2021-08-04
XOM,0000034088-21-000064,2021-11-03
XOM,0000034088-22-000011,2022-02-23
XOM,0000034088-22-000026,2022-05-04
XOM,0000034088-22-000051,2022-08-03
XOM,0000034088-22-000064,2022-11-02
XOM,0000034088-23-000020,2023-02-22
XOM,0000034088-23-000030,2023-05-02
XOM,0000034088-23-000048,2023-08-01
XOM,0000034088-23-000056,2023-10-31
XOM,0000034088-24-000018,2024-02-28
XOM,0000034088-24-000029,2024-04-29
XOM,0000034088-24-000050,2024-08-05
XOM,0000034088-24-000068,2024-11-04
XOM,0000034088-25-000010,2025-02-19
XOM,0000034088-25-000024,2025-05-05
XOM,0000034088-25-000042,2025-08-04
XOM,0000034088-25-000061,2025-11-03
XOM,0000034088-26-000045,2026-02-18
XOM,0000034088-26-000067,2026-05-04
