ticker,sector,company_group,source,report_release_date,frequency,operative_missing,out_of_training_dist,pred_Ridge,pred_Lasso,pred_ElasticNet,pred_RandomForest,pred_XGBoost,pred_SVR,pred_ensemble,rank_ensemble
BA,Industrials,IndA,edgar,2026-04-22,quarterly,0,0,1.13224,0.82265,0.82265,1.40587,2.18064,2.84118,2.14256,1
BAC,Banks,BankA,edgar,2026-05-01,quarterly,0,0,1.02606,0.82265,0.82265,1.52315,1.84822,2.29518,1.88885,2
MU,Technology,TechB,edgar,2026-06-25,quarterly,0,0,1.56583,0.82265,0.82265,1.40328,1.47353,2.34498,1.7406,3
SCHW,Banks,BankA,edgar,2026-05-08,quarterly,0,0,1.09644,0.82265,0.82265,1.67692,1.9141,1.51584,1.70229,4
SAN.MC,Banks,BankIntl,yfinance,2026-04-28,quarterly,1,1,1.23353,0.82265,0.82265,1.02458,1.26454,2.69275,1.66062,5
IBM,Technology,TechD,edgar,2026-04-23,quarterly,0,0,0.95222,0.82265,0.82265,0.92169,1.41387,2.57968,1.63842,6
KO,Consumer Staples,StapA,edgar,2026-04-30,quarterly,0,0,1.29477,0.82265,0.82265,1.17011,1.55857,1.99001,1.5729,7
C,Banks,BankA,edgar,2026-05-07,quarterly,0,0,0.81209,0.82265,0.82265,1.5723,1.19955,1.92334,1.56506,8
LLY,Healthcare,HealthA,edgar,2026-04-30,quarterly,0,0,0.95788,0.82265,0.82265,1.09683,1.54494,2.03989,1.56056,9
T,Communication,CommA,edgar,2026-04-27,quarterly,0,0,0.84369,0.82265,0.82265,0.89261,1.63934,2.09481,1.54225,10
PLTR,Technology,TechB,edgar,2026-05-05,quarterly,0,0,0.66544,0.82265,0.82265,1.55835,1.86776,1.10233,1.50948,11
JPM,Banks,BankA,edgar,2026-05-01,quarterly,0,0,1.98548,0.82265,0.82265,1.39097,1.49393,1.59369,1.49286,12
GOOGL,Communication,CommA,edgar,2026-04-30,quarterly,0,0,0.94124,0.82265,0.82265,0.92528,1.13284,2.39123,1.48312,13
NFLX,Communication,CommA,edgar,2026-04-17,quarterly,0,0,0.54661,0.82265,0.82265,0.9948,1.42699,2.00521,1.47567,14
000660.KS,Technology,TechIntl,yfinance,2026-04-22,quarterly,1,1,0.98733,0.82265,0.82265,1.11812,0.96135,2.3227,1.46739,15
SHEL.L,"Energy, Materials & Utilities",EnergyIntl,yfinance,2026-05-07,quarterly,1,1,0.90825,0.82265,0.82265,0.9598,1.06222,2.28771,1.43658,16
MS,Banks,BankA,edgar,2026-05-05,quarterly,0,0,1.24006,0.82265,0.82265,1.31628,1.4861,1.44643,1.41627,17
AMZN,Consumer Discretionary,DiscA,edgar,2026-04-30,quarterly,0,0,1.16235,0.82265,0.82265,0.88976,0.86377,2.49141,1.41498,18
APH,Technology,TechB,edgar,2026-05-01,quarterly,0,0,0.94333,0.82265,0.82265,0.86039,1.10208,2.15507,1.37251,19
005930.KS,Technology,TechIntl,yfinance,2026-04-29,quarterly,1,1,1.98266,0.82265,0.82265,1.03854,0.67485,2.31124,1.34154,20
HSBA.L,Banks,BankIntl,yfinance,2026-05-04,quarterly,1,1,0.80835,0.82265,0.82265,0.88499,0.85263,2.22108,1.31957,21
META,Communication,CommA,edgar,2026-04-30,quarterly,0,0,0.61626,0.82265,0.82265,0.93428,0.76565,2.19933,1.29975,22
RY.TO,Banks,BankIntl,yfinance,2026-05-28,quarterly,1,1,0.7624,0.82265,0.82265,1.11662,1.56906,1.138,1.27456,23
TJX,Consumer Discretionary,DiscA,edgar,2026-05-29,quarterly,0,0,1.27237,0.82265,0.82265,0.66233,0.43932,2.34669,1.14945,24
AXP,Banks,BankA,edgar,2026-04-23,quarterly,0,0,1.16212,0.82265,0.82265,0.85329,0.86708,1.65042,1.12359,25
ABT,Healthcare,HealthA,edgar,2026-04-29,quarterly,0,0,0.52633,0.82265,0.82265,0.67458,0.8565,1.80048,1.11052,26
SPGI,Financial Services,FinA,edgar,2026-04-28,quarterly,0,0,1.12073,0.82265,0.82265,0.95279,0.862,1.4607,1.09183,27
TD.TO,Banks,BankIntl,yfinance,2026-05-28,quarterly,1,1,0.53081,0.82265,0.82265,1.06203,1.28307,0.6004,0.98183,28
BLK,Financial Services,FinA,edgar,2026-05-06,quarterly,0,0,0.67392,0.82265,0.82265,0.89071,0.78955,1.2532,0.97782,29
WMT,Consumer Staples,StapA,edgar,2026-05-29,quarterly,0,0,1.14728,0.82265,0.82265,0.85277,0.75007,1.30727,0.97003,30
VZ,Communication,CommA,edgar,2026-05-01,quarterly,0,0,0.96769,0.82265,0.82265,0.81571,1.03251,0.97246,0.94023,31
WFC,Banks,BankA,edgar,2026-04-29,quarterly,0,0,0.77332,0.82265,0.82265,0.95592,1.26333,0.52611,0.91512,32
KLAC,Technology,TechD,edgar,2026-04-30,quarterly,0,0,0.77531,0.82265,0.82265,0.88593,0.89306,0.93865,0.90588,33
LIN,"Energy, Materials & Utilities",EnergyA,edgar,2026-05-01,quarterly,0,0,0.81804,0.82265,0.82265,0.61527,0.77721,1.20239,0.86495,34
RTX,Industrials,IndA,edgar,2026-04-21,quarterly,0,0,1.08814,0.82265,0.82265,0.94279,1.37567,0.25459,0.85768,35
AMGN,Healthcare,HealthA,edgar,2026-05-01,quarterly,0,0,1.08923,0.82265,0.82265,0.88645,0.64125,1.01973,0.84914,36
8306.T,Banks,BankIntl,yfinance,2026-05-15,quarterly,0,1,0.61929,0.82265,0.82265,0.96252,0.66795,0.90691,0.84579,37
SIE.DE,Industrials,IndIntl,yfinance,2026-05-12,quarterly,1,1,0.93432,0.82265,0.82265,0.71312,0.76306,1.05155,0.84258,38
MA,Financial Services,FinA,edgar,2026-04-30,quarterly,0,0,1.21245,0.82265,0.82265,0.81763,0.86813,0.77728,0.82101,39
MRK,Healthcare,HealthA,edgar,2026-05-04,quarterly,0,0,0.94883,0.82265,0.82265,0.8022,1.28222,0.31847,0.80096,40
AVGO,Technology,TechB,edgar,2026-06-09,quarterly,0,0,0.39065,0.82265,0.82265,0.90708,0.9006,0.51101,0.77289,41
BRK-B,Financial Services,FinA,edgar,2026-05-04,quarterly,0,0,0.35952,0.82265,0.82265,0.48731,0.07088,1.75436,0.77085,42
TSLA,Consumer Discretionary,DiscA,edgar,2026-04-23,quarterly,0,0,0.46739,0.82265,0.82265,0.65662,0.58206,0.958,0.73223,43
ACN,Technology,TechC,edgar,2026-06-18,quarterly,0,0,0.82723,0.82265,0.82265,0.71323,0.51049,0.95295,0.72556,44
UBER,Consumer Discretionary,DiscA,edgar,2026-05-06,quarterly,0,0,1.06458,0.82265,0.82265,0.68791,0.34233,1.13877,0.723,45
XOM,"Energy, Materials & Utilities",EnergyA,edgar,2026-05-04,quarterly,0,0,0.47405,0.82265,0.82265,0.61178,0.49409,1.05733,0.72107,46
COST,Consumer Staples,StapA,edgar,2026-06-03,quarterly,0,0,1.19634,0.82265,0.82265,1.0123,0.96569,0.14679,0.70826,47
GS,Banks,BankA,edgar,2026-05-01,quarterly,0,0,1.53582,0.82265,0.82265,1.58463,1.8218,-1.31005,0.69879,48
ABBV,Healthcare,HealthA,edgar,2026-05-08,quarterly,0,0,0.21689,0.82265,0.82265,1.04462,0.85015,0.16415,0.68631,49
NVDA,Technology,TechB,edgar,2026-05-20,quarterly,0,0,0.04337,0.82265,0.82265,1.01182,0.68536,0.35287,0.68335,50
NOVN.SW,Healthcare,HealthIntl,yfinance,2026-04-27,quarterly,0,1,1.32489,0.82265,0.82265,0.79805,0.74601,0.40826,0.65077,51
APP,Technology,TechC,edgar,2026-05-06,quarterly,0,0,0.47379,0.82265,0.82265,1.00385,0.84455,0.05692,0.63511,52
GE,Industrials,IndA,edgar,2026-04-21,quarterly,0,0,1.02307,0.82265,0.82265,0.71572,-0.07316,1.235,0.62585,53
CAT,Industrials,IndA,edgar,2026-05-06,quarterly,0,0,0.83959,0.82265,0.82265,0.8266,1.00861,-0.00247,0.61091,54
SAP.DE,Technology,TechIntl,yfinance,2026-04-23,quarterly,0,1,0.68317,0.82265,0.82265,0.82717,0.54471,0.45043,0.60744,55
TXN,Technology,TechB,edgar,2026-04-24,quarterly,0,0,0.466,0.82265,0.82265,0.72763,0.64136,0.44295,0.60398,56
MSFT,Technology,TechA,edgar,2026-04-29,quarterly,0,0,0.5905,0.82265,0.82265,0.62715,0.20891,0.93903,0.5917,57
BKNG,Consumer Discretionary,DiscA,edgar,2026-04-28,quarterly,0,0,0.29089,0.82265,0.82265,0.78682,1.17638,-0.18989,0.59111,58
7203.T,Consumer Discretionary,DiscIntl,yfinance,2026-05-08,quarterly,0,1,1.01022,0.82265,0.82265,0.68359,0.64262,0.43083,0.58568,59
MCD,Consumer Discretionary,DiscA,edgar,2026-05-07,quarterly,0,0,0.55312,0.82265,0.82265,0.66824,0.43228,0.64998,0.5835,60
HD,Consumer Discretionary,DiscA,edgar,2026-05-27,quarterly,0,0,0.9776,0.82265,0.82265,0.32571,0.21724,1.19276,0.57857,61
NEE,"Energy, Materials & Utilities",EnergyB,edgar,2026-04-23,quarterly,0,0,1.05512,0.82265,0.82265,0.94868,1.16531,-0.41149,0.5675,62
ISRG,Healthcare,HealthA,edgar,2026-04-22,quarterly,0,0,0.58597,0.82265,0.82265,0.77777,0.36872,0.54734,0.56461,63
CRM,Technology,TechB,edgar,2026-05-28,quarterly,1,0,0.6836,0.82265,0.82265,0.69773,0.36521,0.61611,0.55968,64
TMO,Healthcare,HealthA,edgar,2026-05-01,quarterly,0,0,0.60701,0.82265,0.82265,0.70797,0.47935,0.46028,0.5492,65
PEP,Consumer Staples,StapA,edgar,2026-04-16,quarterly,0,0,0.60694,0.82265,0.82265,0.75615,1.10706,-0.21833,0.54829,66
UNH,Healthcare,HealthA,edgar,2026-05-05,quarterly,0,0,0.34539,0.82265,0.82265,0.98666,0.72203,-0.15267,0.51867,67
LRCX,Technology,TechB,edgar,2026-04-23,quarterly,0,0,0.73486,0.82265,0.82265,0.70307,0.57448,0.24095,0.50617,68
AMAT,Technology,TechB,edgar,2026-05-21,quarterly,0,0,0.66247,0.82265,0.82265,0.63565,0.73651,0.09261,0.48826,69
ORCL,Technology,TechD,edgar,2026-06-22,annual,0,0,0.18758,0.82265,0.82265,0.68853,0.65834,0.08038,0.47575,70
JNJ,Healthcare,HealthA,edgar,2026-04-22,quarterly,0,0,0.73487,0.82265,0.82265,0.77884,0.55855,-0.05499,0.42747,71
AMD,Technology,TechB,edgar,2026-05-06,quarterly,0,0,0.5962,0.82265,0.82265,0.86663,0.65434,-0.30486,0.40537,72
NOVO-B.CO,Healthcare,HealthIntl,yfinance,2026-05-05,quarterly,0,1,1.06934,0.82265,0.82265,0.69756,0.33298,0.16739,0.39931,73
DIS,Communication,CommA,edgar,2026-05-06,quarterly,0,0,0.80183,0.82265,0.82265,0.6542,0.32641,0.19481,0.39181,74
PM,Consumer Staples,StapA,edgar,2026-04-24,quarterly,0,0,0.85021,0.82265,0.82265,0.76748,0.33523,-0.09907,0.33455,75
QCOM,Technology,TechC,edgar,2026-04-29,quarterly,0,0,0.63854,0.82265,0.82265,0.69862,0.9137,-0.61071,0.33387,76
CSCO,Technology,TechB,edgar,2026-05-19,quarterly,0,0,0.52831,0.82265,0.82265,0.61859,0.81165,-0.66505,0.25506,77
INTU,Technology,TechD,edgar,2026-05-20,quarterly,0,0,1.3053,0.82265,0.82265,1.33697,1.27655,-1.8988,0.23824,78
6758.T,Consumer Discretionary,DiscIntl,yfinance,2026-05-07,quarterly,0,1,0.88531,0.82265,0.82265,0.38007,-0.32245,0.54875,0.20212,79
ASML.AS,Technology,TechIntl,yfinance,2026-04-14,quarterly,1,1,0.02299,0.82265,0.82265,0.48984,0.41164,-0.33177,0.1899,80
AAPL,Technology,TechA,edgar,2026-05-01,quarterly,0,0,0.62678,0.82265,0.82265,0.49635,0.10677,-0.19529,0.13595,81
NOW,Technology,TechB,edgar,2026-04-23,quarterly,0,0,0.65993,0.82265,0.82265,0.44452,0.46,-0.53669,0.12261,82
V,Financial Services,FinA,edgar,2026-04-29,quarterly,0,0,0.95175,0.82265,0.82265,0.57204,0.07144,-0.33961,0.10129,83
CVX,"Energy, Materials & Utilities",EnergyA,edgar,2026-05-07,quarterly,0,0,0.45695,0.82265,0.82265,0.40874,-0.14721,-0.05891,0.06754,84
PG,Consumer Staples,StapA,edgar,2026-04-24,quarterly,0,0,0.57534,0.82265,0.82265,0.27378,0.23173,-0.49108,0.00481,85
TSM,Technology,TechIntl,yfinance,2026-04-15,quarterly,0,1,0.36314,0.82265,0.82265,0.63584,0.47276,-1.12454,-0.00531,86
INTC,Technology,TechB,edgar,2026-04-24,quarterly,0,0,0.02842,0.82265,0.82265,0.60735,-0.11947,-1.12282,-0.21165,87
AZN.L,Healthcare,HealthIntl,yfinance,2026-04-29,quarterly,0,1,0.72868,0.82265,0.82265,0.58469,0.01514,-1.26176,-0.22065,88
SHOP.TO,Technology,TechIntl,yfinance,2026-05-05,quarterly,1,1,0.04488,0.82265,0.82265,0.37857,-0.35714,-2.23646,-0.73834,89
